user_id,lock_id,sale_datetime,sale_id,gross_profit
38769,26334269,2022-10-29 00:16:17,1624686,65.26
99994,26423056,2022-11-11 13:11:27,1641936,-133.8
112497,26120673,2022-11-03 14:33:10,1628000,-30.0
135937,27526924,2022-12-22 21:26:51,1683483,-288.55
139005,26274535,2022-10-26 22:55:41,1624760,32.87
145988,25418426,2022-09-28 16:56:40,1592422,-240.84
164212,25057050,2022-09-14 17:32:46,1592597,844.72
215419,26356668,2022-10-30 13:58:18,1631982,909.96
317410,27189311,2022-12-04 06:36:01,1675258,-38.14
457643,25825636,2022-10-11 23:52:13,1608857,-48.77
508292,25475767,2022-09-30 20:01:38,1592524,356.29
587574,27485357,2022-12-15 16:15:44,1680578,253.64
608684,27113594,2022-12-12 17:33:55,1675847,358.87
610988,25828507,2022-10-12 01:10:23,1607692,-161.45
612608,25596676,2022-10-04 17:42:56,1608131,180.96
633160,25482364,2022-10-01 01:10:38,1592467,227.1
670387,25188271,2022-09-26 19:11:51,1589522,998.41
712308,25646467,2022-10-08 00:29:47,1603267,-723.41
834973,26683475,2022-11-11 19:38:08,1641856,-377.21
868957,26659188,2022-11-11 01:22:11,1642353,22.51
888985,27196566,2022-12-08 14:48:02,1675767,1030.88
891574,27285315,2022-12-08 01:33:23,1675766,529.31
902318,27113865,2022-12-09 16:14:09,1673663,-1.38
909739,27266993,2022-12-09 05:58:42,1675779,-290.02
930750,26567994,2022-11-12 15:44:26,1648683,176.51
949772,26319417,2022-10-29 20:54:33,1624689,-37.87
976114,27506832,2022-12-17 00:14:10,1683382,354.94
986982,25041656,2022-09-14 01:29:04,1592644,-166.55
1094775,26731086,2022-11-18 21:29:08,1652934,54.21
1098585,26623265,2022-11-08 23:37:36,1641840,-483.96
1223060,27374422,2022-12-12 22:46:46,1675864,80.15
1285250,27392308,2022-12-11 16:11:51,1675818,-88.05
1352433,27481615,2022-12-18 22:02:23,1687221,332.79
1398474,25523689,2022-10-31 20:05:45,1624708,-53.97
1469386,25804206,2022-10-11 08:59:23,1600913,863.69
1497736,26277075,2022-10-27 00:32:01,1624678,26.82
1545368,25731892,2022-10-08 17:18:29,1603254,430.22
1549604,25672798,2022-10-07 23:00:01,1603251,689.94
1606496,26151232,2022-10-28 13:48:42,1631962,583.28
1758229,25234210,2022-09-24 14:12:49,1591339,292.35
1759132,27320367,2022-12-08 14:33:07,1682559,-152.49
1824574,26244243,2022-10-29 13:06:14,1626803,1156.18
1913201,25488010,2022-09-30 00:14:34,1592391,155.51
1975303,25426314,2022-10-01 01:09:22,1592466,407.58
2044335,26868754,2022-11-18 04:26:29,1652905,-557.77
2161654,27349778,2022-12-14 15:30:54,1679777,794.5
2200227,25718620,2022-10-20 16:56:25,1616942,-175.87
2200227,25439857,2022-09-29 18:34:27,1592304,554.04
2235524,25518065,2022-10-01 02:23:31,1592671,1222.12
2349692,27134771,2022-12-07 19:33:35,1675307,-124.24
2367251,27419736,2022-12-12 21:55:13,1675862,-494.64
2394640,25295129,2022-09-23 21:00:14,1592363,760.51
2489363,26276847,2022-10-30 15:38:36,1626533,-48.41
2507973,27452512,2022-12-16 15:58:49,1679898,-117.66
2597067,25461598,2022-10-03 14:56:15,1591802,134.12
2626110,26015535,2022-10-19 17:10:17,1625001,108.19
2660465,25951328,2022-10-17 18:15:03,1625160,-120.42
2715497,26025227,2022-10-18 20:17:36,1615804,1286.05
2772885,25147429,2022-09-19 15:00:28,1589890,349.08
2787737,27273708,2022-12-09 18:46:52,1674965,311.22
2790336,27302046,2022-12-07 22:14:17,1674868,-357.34
2965291,27450178,2022-12-14 02:01:35,1675895,448.5
2966026,27365605,2022-12-12 15:26:29,1679167,778.54
3043117,25979025,2022-10-18 13:08:24,1617019,-115.05
3056753,26213575,2022-10-26 23:11:34,1631963,-137.65
3079262,25396580,2022-09-27 00:20:34,1591331,700.43
3117898,26506067,2022-11-10 22:18:39,1642013,-318.81
3150144,26279952,2022-10-27 01:58:28,1624680,519.2
3301220,27522848,2022-12-22 14:41:46,1686101,-166.56
3488963,25665334,2022-10-07 12:42:52,1603306,88.09
3513274,25974686,2022-10-19 13:48:42,1617436,878.79
3522750,25806858,2022-10-20 00:38:36,1612234,487.81
3530911,25680262,2022-10-07 21:53:54,1603265,61.67
3531038,26438899,2022-11-08 18:23:57,1638592,-106.87
3547350,25488426,2022-09-30 00:20:48,1589523,137.97
3582760,25361831,2022-09-25 19:16:55,1591495,239.86
3676433,27247933,2022-12-07 15:48:14,1674847,258.32
3895160,25452569,2022-10-04 18:09:55,1592503,1765.6
3937316,25642958,2022-10-06 12:19:31,1603300,500.86
4001624,25446410,2022-09-29 13:46:23,1592540,1886.4
4061474,25499390,2022-09-30 21:58:58,1592661,859.96
4068037,25606415,2022-10-04 14:04:49,1592496,-198.29
4146273,26238995,2022-10-28 00:38:01,1631997,96.83
4179303,26771312,2022-11-18 17:13:55,1652921,558.44
4236149,25471128,2022-09-29 14:25:55,1592440,553.55
4264382,27092178,2022-11-30 20:30:01,1675722,545.35
4283015,27278471,2022-12-09 22:31:16,1674992,-207.56
4303854,25609433,2022-10-24 21:16:21,1624742,1091.67
4363458,27309047,2022-12-10 01:40:12,1675797,43.74
4428775,25293390,2022-09-25 14:25:59,1592584,205.25
4514011,25407879,2022-10-03 15:38:22,1592575,1574.85
4524137,25374462,2022-09-27 16:38:58,1591311,-265.18
4545048,25743198,2022-10-11 21:50:15,1603263,-67.45
4592344,27280394,2022-12-14 21:04:49,1683357,-55.91
4691365,25360308,2022-10-02 21:42:59,1592702,1612.36
4697678,26397404,2022-10-31 20:23:42,1631968,1386.69
4796164,27227095,2022-12-06 00:17:06,1675735,520.51
4916906,25498255,2022-10-05 13:11:14,1603242,-342.32
4919292,26150907,2022-10-28 18:25:15,1631956,1546.36
4968897,27173159,2022-12-06 21:40:09,1675289,-184.41
4979355,25261506,2022-09-30 18:10:43,1591345,200.17
4983041,25784199,2022-10-13 15:10:23,1603282,91.05
5061286,25042999,2022-10-03 19:24:11,1590853,354.33
5069308,25332843,2022-09-29 16:16:21,1592315,893.87
5131200,25903481,2022-10-24 00:27:19,1624738,1138.75
5186166,25123400,2022-09-27 20:46:44,1592296,1190.92
5260800,27105447,2022-11-30 00:20:16,1675721,475.44
5273994,25876657,2022-10-28 22:32:54,1622114,621.08
5299262,25404188,2022-10-12 19:14:17,1603270,277.42
5405895,26678635,2022-11-10 23:34:51,1642348,-50.88
5424561,26339285,2022-10-29 04:21:42,1624703,934.45
5555686,27412425,2022-12-12 16:12:59,1675845,-88.33
5572720,26117581,2022-10-30 18:44:58,1632011,-152.34
5602142,26661229,2022-11-10 05:08:24,1639625,250.89
5625934,26136835,2022-10-29 12:45:06,1624688,483.68
5630934,27580292,2022-12-21 01:45:05,1687236,-104.07
5716719,26927407,2022-12-15 20:08:50,1683362,337.26
5783124,26290392,2022-11-08 23:34:30,1642390,385.45
5809120,26668413,2022-11-10 15:31:47,1642370,24.11
5856879,25383541,2022-09-27 21:49:31,1592299,1087.01
5858603,25499100,2022-09-30 18:29:43,1603284,52.02
5976303,25871567,2022-10-16 16:52:26,1608820,-35.88
6007115,25535924,2022-10-03 15:26:48,1591343,353.38
6182065,25457314,2022-09-28 23:31:16,1592406,497.41
6431120,26444861,2022-11-03 19:28:07,1639342,689.42
6505483,26024064,2022-10-18 14:46:13,1610801,438.24
6522259,25114559,2022-10-04 12:19:38,1592318,242.48
6598299,26134904,2022-10-22 00:38:22,1617151,207.18
6616831,26787153,2022-11-18 20:51:00,1652933,1000.01
6671173,27438076,2022-12-20 15:44:53,1682605,691.87
6775442,26257615,2022-11-01 18:17:02,1631970,-68.35
6851634,25503225,2022-10-01 14:15:25,1592288,1055.9
6895814,25783510,2022-10-11 18:58:49,1603259,-105.51
6989912,27293186,2022-12-07 16:26:40,1673617,1444.66
7049641,26238183,2022-10-29 17:41:59,1624721,600.75
7064121,25440531,2022-09-29 19:48:35,1592307,44.2
7077170,27673974,2022-12-25 15:04:11,1688652,-72.3
7093613,27432377,2022-12-13 13:35:34,1675872,998.11
7096472,27354721,2022-12-12 21:25:13,1675861,-107.09
7108180,25227227,2022-09-30 13:34:51,1592523,1661.16
7257943,26549741,2022-11-07 14:59:10,1643784,1012.9
7306228,25299605,2022-09-28 04:18:49,1591878,842.11
7327625,25877821,2022-10-25 05:45:15,1624239,119.92
7393232,26046437,2022-10-21 19:23:03,1631996,150.68
7466449,27357601,2022-12-11 01:18:22,1675811,-163.36
7468198,27623522,2022-12-23 16:18:25,1686132,-42.35
7499742,26370176,2022-10-31 03:08:01,1631919,40.07
7500062,26319975,2022-10-30 16:56:10,1624691,-293.29
7506926,25508029,2022-09-30 19:19:58,1592561,-125.57
7538913,25376683,2022-10-01 00:52:37,1591669,1039.87
7553062,25466678,2022-09-30 03:35:50,1591337,752.69
7573778,25477567,2022-10-02 20:41:40,1592450,831.33
7591483,26174027,2022-10-23 20:18:40,1632021,464.9
7863282,27756072,2022-12-28 20:17:09,1688284,688.68
7865888,26432816,2022-11-02 01:13:14,1642386,-209.51
7892740,25402679,2022-09-27 04:25:06,1592567,-283.89
7982961,25481588,2022-09-29 20:38:12,1592638,-373.98
8015256,24965500,2022-09-13 22:03:23,1590360,638.25
8019963,25799799,2022-10-11 18:21:27,1608804,-129.6
8021806,25266168,2022-09-23 21:23:52,1592377,1516.59
8022087,25247547,2022-09-26 15:44:01,1592361,1043.31
8065358,25754807,2022-10-09 15:27:16,1616888,375.91
8096233,26562636,2022-11-18 13:51:28,1652909,1002.0
8242719,27663544,2022-12-24 22:04:25,1686164,1339.31
8276657,25329897,2022-09-27 17:18:19,1591893,21.49
8283497,25076330,2022-09-15 05:05:22,1592384,-141.14
8307224,27550331,2022-12-23 22:22:52,1686149,67.8
8363137,25426064,2022-09-30 13:00:28,1592527,150.76
8525414,27445279,2022-12-13 21:51:03,1675890,31.12
8588945,25537749,2022-10-01 21:16:36,1592403,252.36
8663301,26749713,2022-11-15 00:50:51,1648753,3.27
8712053,26707272,2022-11-11 22:14:10,1642007,38.41
8836179,26142078,2022-10-26 21:46:03,1624676,420.52
9192229,26003895,2022-10-26 12:12:24,1622971,-40.95
9206368,26122990,2022-10-29 02:43:03,1624702,395.43
9257585,27579750,2022-12-23 06:33:51,1687593,-109.67
9368237,27305678,2022-12-09 22:40:15,1675795,-139.61
9390972,25305732,2022-09-23 21:33:37,1590629,1234.61
9416162,27530066,2022-12-21 13:49:30,1685584,564.55
9456606,25429110,2022-10-03 18:11:02,1591714,410.2
9519055,26165126,2022-10-25 17:43:26,1631923,671.99
9571808,27341587,2022-12-09 03:55:17,1673652,-49.58
9572569,27328404,2022-12-10 19:55:01,1675809,1030.97
9618441,26885512,2022-11-18 20:44:22,1652932,420.52
9737329,27389194,2022-12-13 17:14:08,1675879,-185.74
9745446,27331639,2022-12-08 22:41:47,1674927,-401.83
9786381,27654150,2022-12-23 16:30:19,1686767,-73.31
9863554,27413770,2022-12-19 15:09:40,1681868,-76.82
9891881,25377020,2022-09-30 00:07:57,1591335,440.82
9949592,26254383,2022-10-29 19:39:34,1624723,53.73
10066993,27346358,2022-12-13 20:29:03,1675887,1166.45
10084343,25314950,2022-09-28 18:23:11,1591067,1449.02
10433356,27437922,2022-12-15 14:30:25,1687210,501.13
10438210,25735069,2022-10-08 19:34:15,1608651,21.46
10494108,25471960,2022-09-30 23:21:17,1591310,1240.63
10511797,25230214,2022-10-03 14:10:49,1590141,-184.39
10740825,25503507,2022-10-01 16:25:17,1592396,357.91
10747328,26543030,2022-11-05 23:45:04,1641893,901.56
10937550,25421727,2022-09-28 20:47:35,1592648,-13.36
10964345,26528792,2022-11-05 13:49:24,1639032,814.47
10966920,25448454,2022-09-28 20:25:27,1592427,992.59
11013832,27372601,2022-12-11 03:27:09,1675814,405.28
11075580,27426792,2022-12-13 03:36:09,1681721,192.65
11106871,27267571,2022-12-12 20:27:48,1675854,1634.49
11153433,25388499,2022-09-30 19:47:59,1592723,577.93
11289739,27597966,2022-12-21 00:52:53,1687233,3.73
11387081,25196386,2022-09-20 14:36:23,1591305,-217.48
11471954,26315278,2022-10-31 23:26:26,1639345,282.34
11475600,27647987,2022-12-23 05:09:26,1687592,63.52
11502958,25489269,2022-09-30 01:02:35,1592460,1091.9
11528490,24043656,2022-09-27 21:28:35,1592709,2188.64
11544269,25490176,2022-09-30 01:20:30,1591336,614.07
11579743,25315792,2022-09-23 22:49:40,1592726,198.86
11597494,27671089,2022-12-26 18:02:43,1688206,-354.78
11742672,25452713,2022-09-29 19:36:51,1591332,70.27
11751638,27276255,2022-12-19 18:26:31,1687223,-36.41
11777862,26265360,2022-10-30 19:22:03,1632013,200.68
11785830,25478131,2022-10-04 15:13:12,1592320,44.05
11906306,25411618,2022-09-29 17:27:43,1592442,-430.09
11943091,26879223,2022-11-18 15:38:35,1652917,-72.73
11950902,25856795,2022-10-12 23:39:17,1603277,990.0
12021706,27617569,2022-12-26 22:44:44,1686184,1079.84
12060579,27267136,2022-12-06 22:26:19,1674825,31.45
12127987,25646683,2022-10-05 22:27:59,1603289,980.65
12239818,25453389,2022-10-03 19:41:25,1592018,22.9
12268634,27335459,2022-12-09 00:01:14,1674931,373.94
12278708,25445436,2022-09-28 17:13:21,1592069,-147.62
12333449,26816129,2022-11-17 18:46:44,1652881,395.9
12510265,25326768,2022-09-26 19:18:15,1592568,1198.51
12529754,27486481,2022-12-15 17:06:41,1679841,29.71
12609201,27399220,2022-12-19 20:43:46,1687224,-73.03
12647808,26174304,2022-10-23 21:53:53,1624735,372.87
12699079,27299928,2022-12-07 19:44:36,1675309,611.75
12700039,26298786,2022-10-28 17:37:17,1624769,172.94
12704710,26327920,2022-10-29 17:32:44,1624720,-204.52
12759552,25720052,2022-10-17 18:33:15,1608870,-51.15
12811390,25941732,2022-10-20 18:12:19,1617068,111.44
12874859,25479417,2022-09-29 19:28:50,1592073,-180.24
12910652,25043314,2022-09-14 02:13:13,1591995,-10.69
12928109,26857233,2022-11-18 00:14:41,1652899,29.13
13114126,27526517,2022-12-17 15:59:21,1683387,-112.7
13146238,25445604,2022-09-28 16:26:05,1592029,245.13
13150192,27395269,2022-12-11 21:06:04,1675828,1713.7
13257370,25121283,2022-09-30 15:58:19,1590706,1036.16
13261515,27353076,2022-12-09 18:17:39,1675786,345.46
13271264,25417653,2022-09-30 17:22:49,1592106,480.03
13317396,25610001,2022-10-07 22:31:13,1603266,-18.63
13349824,25337612,2022-09-24 19:56:07,1592419,570.92
13360304,25760879,2022-10-14 15:34:29,1608137,67.92
13365230,26867878,2022-11-18 01:59:38,1652904,118.33
13427327,27355529,2022-12-11 19:22:21,1675825,405.63
13466461,27314483,2022-12-10 18:38:10,1675807,-245.18
13561847,25236977,2022-09-21 02:58:47,1591185,-11.08
13644647,26691786,2022-11-17 19:13:07,1652884,44.72
13775885,26184874,2022-10-23 23:01:52,1631955,556.76
13855281,27226573,2022-12-13 19:08:04,1675883,-6.3
13867063,27706716,2022-12-26 22:12:34,1688701,125.0
13879570,25540904,2022-10-02 21:54:26,1592705,-553.2
13916268,26149738,2022-11-03 16:24:23,1642574,-620.75
13984152,25472622,2022-09-30 11:55:54,1591821,96.27
14003711,25275923,2022-09-25 02:40:51,1591313,80.89
14017355,26003774,2022-10-20 18:43:41,1618198,1293.97
14029091,26205415,2022-10-24 21:05:50,1624741,-72.47
14113557,25065849,2022-09-20 13:42:48,1589457,-162.06
14255081,25475515,2022-09-29 20:22:06,1592308,1126.94
14263314,26642493,2022-11-19 15:12:18,1655588,-229.69
14319182,25508729,2022-09-30 20:17:24,1591308,307.39
14374026,26253187,2022-10-26 05:41:00,1624713,753.34
14392866,25462857,2022-09-29 22:56:27,1592653,980.1
14409258,27353253,2022-12-09 17:54:09,1675784,-181.31
14495689,26737925,2022-11-17 17:11:00,1652870,214.07
14503296,25226172,2022-09-25 15:27:55,1591264,665.17
14511028,25660399,2022-10-06 02:04:26,1598754,-381.25
14600483,25448116,2022-10-03 00:29:19,1592453,-108.79
14608282,25269175,2022-09-26 19:11:13,1592112,-51.21
14669700,25332482,2022-10-01 20:51:09,1592410,596.53
14709290,25850075,2022-10-12 20:40:20,1603274,494.27
14732194,27227434,2022-12-05 15:17:47,1675264,1134.26
14798458,27573823,2022-12-22 23:59:54,1687586,-109.46
14934793,25429758,2022-09-29 13:18:12,1592646,627.93
14969787,27417367,2022-12-15 18:11:27,1683361,93.86
15016637,26377878,2022-11-04 18:46:44,1639587,30.23
15131518,25407518,2022-09-27 20:22:35,1592434,147.8
15205939,25470252,2022-09-29 19:18:46,1591182,1963.12
15273147,26387675,2022-10-31 05:54:03,1631937,-315.37
15349767,27301772,2022-12-13 19:22:33,1675203,373.02
15444740,27568102,2022-12-20 01:05:34,1682602,1299.39
15502820,25355170,2022-09-28 22:13:31,1591870,680.61
15652908,25040394,2022-09-15 01:08:36,1592642,259.06
15731912,26002062,2022-10-17 19:16:40,1616679,846.64
15734865,25868083,2022-10-13 02:40:07,1603279,177.61
15898706,25566344,2022-10-23 17:53:28,1618247,-33.23
15908449,27642470,2022-12-23 13:21:55,1687597,-79.12
15952880,25374521,2022-09-26 04:44:13,1591772,936.25
16129852,26861885,2022-11-17 22:03:32,1652896,54.87
16212292,25600137,2022-10-04 04:13:35,1592025,-143.06
16214291,25948583,2022-11-05 17:27:16,1641958,-25.51
16261290,25171358,2022-09-30 17:44:27,1592107,-340.82
16359011,26262845,2022-10-31 20:10:12,1624709,826.05
16508071,25528031,2022-10-04 20:20:00,1598746,-105.56
16615931,25448504,2022-10-08 18:39:44,1603245,106.87
16626125,27408871,2022-12-12 17:52:30,1675848,103.1
16635472,25561537,2022-10-02 21:31:43,1592700,-228.3
16643612,27430317,2022-12-21 00:14:38,1687231,364.86
16673255,25163467,2022-09-24 12:14:37,1592479,294.46
16836828,26728331,2022-11-18 14:10:49,1652910,-333.46
16981628,26396148,2022-11-09 19:05:27,1641904,1.45
16990323,25289079,2022-09-22 21:59:31,1589565,1046.84
17007396,26453661,2022-11-03 19:59:22,1642049,-95.61
17011895,25518906,2022-10-02 01:42:17,1591854,929.8
17019924,27279158,2022-12-10 18:22:10,1675805,1811.79
17113478,27448474,2022-12-22 17:33:16,1686103,771.57
17164928,27749896,2022-12-28 18:56:50,1688278,-35.61
17181719,27654410,2022-12-27 15:00:57,1688727,-618.19
17253961,27356125,2022-12-12 14:35:40,1675841,142.43
17321242,27693414,2022-12-26 19:37:59,1688211,1454.14
17372692,26096493,2022-10-27 12:53:58,1631926,1077.66
17468012,25983221,2022-10-17 00:51:56,1623095,-613.23
17500111,25333230,2022-09-24 17:35:37,1590308,532.6
17615724,25430928,2022-09-28 12:52:41,1592373,309.58
17617619,26150795,2022-10-22 17:23:43,1624710,-68.55
17697954,25075356,2022-10-01 17:21:36,1592374,22.52
17792954,26142229,2022-10-31 19:30:48,1628736,380.71
17811195,26204997,2022-10-26 17:55:10,1632019,155.74
17826353,27311828,2022-12-12 14:33:55,1675840,-6.41
17850015,26887170,2022-11-18 21:50:02,1652936,885.07
17912209,25871835,2022-10-13 03:33:23,1603280,89.33
17959835,26397017,2022-11-03 23:01:57,1640296,210.29
17993794,26302151,2022-10-28 16:44:00,1628882,-28.9
18016448,25459435,2022-09-30 18:23:18,1592715,467.29
18099705,25598986,2022-10-06 00:57:59,1598752,1549.55
18100374,26377984,2022-11-02 20:01:15,1631987,-147.91
18134093,26654126,2022-11-11 21:29:05,1642050,-126.5
18151360,25484979,2022-10-04 21:30:46,1592473,879.57
18198462,25556968,2022-10-02 17:24:54,1591855,358.34
18271436,25312810,2022-09-29 21:02:07,1592310,557.38
18282631,27385601,2023-04-23 19:40:36,1803778,-97.74
18287495,26276912,2022-11-12 14:04:43,1645222,880.26
18364545,25397038,2022-09-28 23:26:37,1592405,1002.53
18408429,26580809,2022-11-07 19:27:45,1641838,-99.61
18424610,25551779,2022-10-02 12:48:36,1592692,35.27
18476209,26477824,2022-11-03 16:10:35,1632031,-5.01
18483425,27191204,2022-12-06 02:41:47,1675736,88.29
18494536,25337710,2022-09-24 20:01:34,1592480,1675.06
18498191,26166343,2022-11-10 14:54:33,1639857,857.54
18640565,26423662,2022-11-02 18:55:27,1631928,132.98
18680309,26390994,2022-10-31 14:19:48,1631964,-55.38
18700527,26350963,2022-11-12 23:16:36,1640865,-181.09
18718867,25304587,2022-09-23 14:58:09,1591726,-477.53
18724804,25596422,2022-10-04 16:51:49,1592322,377.1
18732369,26338942,2022-11-01 00:13:03,1628413,685.13
18810640,25534810,2022-10-03 17:10:50,1592582,-88.43
18852597,24728660,2022-09-23 20:34:57,1590765,-345.57
18912258,26832035,2022-11-29 15:53:29,1675719,358.24
18935460,26158867,2022-10-24 20:37:28,1625373,-28.23
18956519,25344175,2022-09-27 20:57:06,1590249,912.8
19041008,25314945,2022-09-27 14:17:47,1592351,735.99
19099850,25581250,2022-10-03 21:37:20,1592020,-309.66
19129794,25451860,2022-09-28 20:20:03,1592000,2154.14
19264758,25564008,2022-10-13 14:23:21,1603281,-477.92
19391487,27152492,2022-12-02 22:10:15,1675726,-279.44
19398445,26491019,2022-11-07 21:57:45,1641907,1088.21
19407472,25330400,2022-10-05 13:10:31,1603241,227.11
19426053,27273643,2022-12-06 17:59:54,1675739,-186.76
19474755,25504943,2022-10-06 13:52:29,1603286,305.94
19477675,25474554,2022-09-29 19:03:48,1592305,-201.11
19495115,26688999,2022-11-11 05:10:39,1642360,-321.39
19578416,25339301,2022-09-29 12:19:40,1592649,1122.14
19622371,27119719,2022-11-29 19:59:18,1675720,385.72
19667732,26584522,2022-11-10 16:53:39,1642694,1014.81
19671392,25206094,2022-09-29 17:48:08,1592301,187.28
19671611,26334249,2022-10-29 01:00:30,1631999,-16.44
19688958,25469337,2022-10-02 18:06:54,1592697,1210.13
19764354,25428359,2022-09-28 15:13:06,1592421,102.11
19810721,25025797,2022-09-13 19:44:58,1592376,-53.79
19952868,27219384,2022-12-04 02:02:43,1675727,453.37
19958639,27638663,2022-12-22 23:03:41,1687584,-47.41
19988329,25532275,2022-10-01 21:24:25,1592404,-418.65
20097945,27622555,2022-12-27 21:29:30,1688248,988.8
20108161,27544944,2022-12-19 16:23:14,1683419,245.43
20145176,27201883,2022-12-06 00:15:54,1675280,953.89
20219986,25793552,2022-10-14 13:22:25,1608134,37.8
20239672,26679515,2022-11-10 21:56:39,1642345,-21.27
20365169,25351653,2022-10-03 14:22:42,1590832,211.63
20372485,25974544,2022-10-16 19:46:50,1617301,-43.65
20415582,26583938,2022-11-13 14:44:49,1642383,-270.44
20439719,27212636,2022-12-08 16:03:14,1674897,421.43
20477945,25447466,2022-09-29 22:21:07,1592109,-381.79
20505076,26152218,2022-10-30 17:21:46,1624692,725.89
20562994,25484970,2022-10-03 17:49:01,1603257,773.49
20566005,25489320,2022-09-30 01:28:47,1591748,8.68
20653165,25893027,2022-10-17 16:40:17,1615802,697.0
20725480,27737328,2022-12-28 01:12:20,1688258,-75.72
20818878,26588037,2022-11-07 20:22:17,1642009,216.11
20847171,25387660,2022-10-06 13:08:09,1603301,-271.56
20848011,26222147,2022-10-25 07:10:23,1624694,-144.02
20866500,25561612,2022-10-02 20:39:33,1592449,412.04
20989992,25308187,2022-10-05 13:43:44,1592474,450.45
21104916,26882562,2022-11-18 18:21:10,1652926,954.35
21245658,26870796,2022-11-18 12:59:22,1652908,716.81
21253481,26884255,2022-11-18 19:24:56,1652928,-692.82
21321711,26349603,2022-11-07 18:54:08,1643851,156.04
21415739,25540326,2022-10-01 23:06:59,1592675,164.11
21437896,27498404,2022-12-17 21:38:16,1687218,228.13
21545278,25170780,2022-09-19 16:07:22,1592409,595.7
21548135,25916714,2022-10-24 19:35:16,1617262,1450.82
21727357,27643343,2022-12-23 13:11:48,1687595,242.76
21770168,26285439,2022-10-27 17:50:54,1628316,779.67
21841039,26821992,2022-12-06 22:45:37,1675750,231.57
21852215,25448293,2022-09-29 14:59:39,1592541,958.84
21937973,25468353,2022-09-29 19:40:22,1592505,-242.55
22030866,26807133,2022-11-17 20:38:58,1652890,38.31
22170219,25384966,2022-09-26 22:46:34,1592066,1155.01
22176081,25394661,2022-09-30 19:06:08,1592720,958.65
22206823,27253766,2022-12-23 19:16:25,1685033,1260.14
22209908,25278734,2022-09-28 11:51:07,1592446,925.45
22242773,26423122,2022-11-01 19:06:27,1631976,176.01
22267432,27569348,2022-12-19 21:47:30,1683432,1027.36
22304988,25483268,2022-10-03 13:06:01,1592457,494.3
22340346,25785893,2022-10-11 01:16:37,1603318,500.25
22389152,26483013,2022-11-09 00:45:52,1642391,391.55
22408373,26695396,2022-11-11 14:16:45,1641938,648.31
22522224,25476436,2022-10-03 19:26:03,1592493,274.16
22524886,27151344,2022-12-09 14:25:55,1673660,305.56
22525215,25718023,2022-10-08 00:38:39,1608293,-117.42
22552120,27250984,2022-12-20 13:39:06,1683440,735.39
22565000,27455328,2022-12-14 06:03:26,1675896,472.91
22575972,25796886,2022-10-11 01:22:22,1603319,1605.94
22577068,25346611,2022-09-25 01:50:59,1592432,226.23
22625715,27296372,2022-12-07 17:17:38,1675755,1049.76
22732763,25462018,2022-09-29 03:01:49,1592711,547.8
22743460,27666926,2022-12-24 18:27:00,1688175,898.27
22753332,26930237,2022-12-01 16:42:09,1675723,49.65
22772609,26705364,2022-11-11 21:39:05,1645253,-138.1
22846357,27513421,2022-12-19 14:59:54,1683418,629.57
22873344,27248522,2022-12-05 16:38:51,1674796,828.62
22937599,26240124,2022-11-07 18:35:44,1642043,-134.8
22938558,26221369,2022-11-01 19:21:49,1631978,513.77
23034926,25435371,2022-09-30 21:41:05,1592659,-345.86
23150487,27471238,2022-12-16 00:50:48,1687211,965.93
23160094,27441617,2022-12-13 19:31:54,1675885,297.85
23167417,25478020,2022-09-29 19:24:09,1592619,143.38
23168249,25400741,2022-10-05 21:28:07,1592611,1752.47
23238691,27709988,2022-12-27 01:11:07,1688713,2.53
23334458,27580184,2022-12-20 08:00:10,1682604,5.89
23352526,25472682,2022-09-29 17:49:21,1592303,199.08
23387642,26853316,2022-11-17 16:38:08,1652867,581.48
23398953,25504329,2022-10-03 02:49:34,1603252,1072.05
23515498,25060390,2022-09-20 20:31:09,1589739,542.94
23517479,25215228,2022-09-29 19:55:51,1590348,927.96
23584529,27351775,2022-12-09 18:05:18,1675785,113.48
23626103,26479030,2022-11-06 20:39:02,1640814,-348.59
23641324,25502201,2022-10-02 00:23:07,1592684,956.82
23677320,25406648,2022-09-28 14:39:27,1592430,1165.14
23678293,25222038,2022-09-29 22:19:34,1591886,115.83
23770733,26099494,2022-10-21 20:29:53,1624733,402.89
23875001,25459890,2022-09-30 13:43:52,1590891,940.71
23877509,26320539,2022-11-04 19:39:13,1631993,656.13
23889667,26414897,2022-11-02 17:49:16,1631979,280.75
23982789,25531061,2022-10-03 01:18:01,1592454,213.33
24027636,27385704,2022-12-12 14:53:39,1687208,595.83
24068496,27547861,2022-12-18 19:32:27,1683406,140.5
24077312,25259176,2022-09-22 19:42:22,1592533,812.43
24143750,25450663,2022-09-29 16:38:51,1592162,-244.77
24213635,26351069,2022-10-29 18:58:37,1632008,628.91
24286811,25500894,2022-10-03 18:25:21,1591326,-100.82
24505722,25589305,2022-10-30 09:20:00,1631945,965.37
24527499,25244741,2022-09-21 14:26:25,1590325,155.37
24583383,25498388,2022-09-30 13:53:59,1592356,-168.43
24813588,25394128,2022-09-26 23:09:43,1591049,546.16
24821310,26201686,2022-10-27 00:40:34,1624679,23.47
24933555,25210963,2022-09-20 16:53:11,1592428,-11.57
24946634,25616456,2022-10-30 19:21:03,1624726,822.19
25045075,27531642,2022-12-17 20:12:13,1687217,-4.31
25063573,26669711,2022-11-10 16:36:29,1642693,-267.11
25067094,27620877,2022-12-22 22:18:51,1687583,172.24
25083167,27293920,2022-12-08 16:43:48,1675770,520.86
25083608,27342786,2022-12-14 16:41:40,1679787,-0.07
25132131,26382342,2022-11-03 17:50:24,1631971,963.47
25152570,26121657,2022-10-22 20:02:40,1624711,579.94
25157783,25249192,2022-09-29 20:54:23,1592734,673.29
25179461,25200189,2022-09-23 14:57:34,1591398,290.6
25192585,24987255,2022-09-15 18:29:34,1592518,355.8
25328857,25700723,2022-10-10 14:56:09,1608439,-15.55
25344678,25575721,2022-10-12 22:43:55,1603276,-17.93
25378648,25296577,2022-10-02 16:37:23,1592694,638.81
25479113,25396428,2022-09-27 00:05:30,1590029,961.16
25502544,26349387,2022-11-10 17:12:06,1642697,408.89
25524693,25888036,2022-10-26 21:47:18,1624677,83.99
25656669,24731033,2022-09-27 15:28:30,1591297,1422.12
25733524,26885800,2022-11-18 22:03:09,1652937,179.99
25749096,27599247,2022-12-22 23:28:07,1687585,-3.51
25777746,25342136,2022-09-27 03:15:43,1592566,179.2
25828031,25565960,2022-10-02 23:17:16,1591851,647.66
25845363,25859431,2022-10-12 20:06:37,1603271,-363.15
25923367,26123810,2022-10-25 17:17:45,1624700,-246.89
25977113,25501932,2022-10-02 02:12:32,1592687,-248.85
26016211,25239706,2022-09-21 17:45:28,1590899,823.73
26025246,25498972,2022-09-30 13:12:34,1591866,-212.69
26091749,25806903,2022-10-13 17:08:24,1609075,203.85
26130115,27071027,2022-11-27 15:53:44,1675716,-8.58
26206577,26207833,2022-10-24 20:36:49,1624743,-10.45
26211940,27615808,2022-12-22 20:54:21,1686109,356.35
26231351,25292052,2022-09-23 00:18:28,1590113,274.34
26239198,25556662,2022-10-11 20:25:00,1601094,155.76
26242341,26241880,2022-10-25 22:06:58,1628328,-78.48
26254213,26454798,2022-11-02 20:04:59,1631988,-3.61
26297986,25317595,2022-09-25 15:11:40,1592379,1678.87
26298789,25280945,2022-09-29 20:37:54,1590045,211.89
26317585,27220452,2022-12-05 13:54:57,1675261,59.49
26354202,26072112,2022-10-24 15:30:57,1616652,-64.43
26368343,25528473,2022-10-01 15:37:56,1592290,336.17
26388875,25380329,2022-09-27 01:39:59,1591317,1062.89
26437453,25508752,2022-09-30 19:56:45,1592595,272.83
26450816,25984855,2022-11-01 22:43:42,1627989,-148.75
26451284,25449689,2022-09-29 19:38:22,1591333,680.62
26459601,25535103,2022-10-01 20:10:41,1592401,398.29
26510218,26749612,2022-11-17 19:36:51,1652886,-57.23
26577066,25703572,2022-10-07 20:16:59,1608851,1163.71
26579719,26295154,2022-11-01 13:30:26,1628168,480.77
26607039,26100402,2022-10-23 02:11:10,1618237,1065.79
26625611,25466419,2022-09-30 07:23:54,1592554,455.79
26651628,25004969,2022-10-01 16:06:46,1590626,250.32
26700468,25451573,2022-09-30 12:33:05,1592555,572.13
26707460,27526650,2022-12-27 16:17:08,1688731,100.32
26788634,26287015,2022-10-30 15:10:10,1644062,790.21
26801068,25473420,2022-09-29 16:07:41,1592630,1203.32
26842409,25335011,2022-09-24 17:59:12,1592385,524.22
26878689,24595061,2022-09-13 20:16:26,1591319,-7.69
26881957,26860789,2022-11-17 21:06:48,1652892,633.37
26908339,26361697,2022-10-31 20:20:15,1631967,45.01
26949518,25309827,2022-09-30 22:17:16,1592663,615.43
26961292,27076892,2022-11-27 22:11:45,1675718,9.38
26961461,25281533,2022-09-22 22:13:03,1591306,-73.03
26981069,26583597,2022-11-11 01:13:38,1642351,-255.8
26997562,26894092,2022-12-16 16:25:54,1677134,-254.93
27020907,26401506,2022-10-31 21:36:00,1631153,-147.6
27044931,27684822,2022-12-26 20:30:04,1686180,639.77
27060081,25210346,2022-10-01 02:39:08,1591874,974.25
27126305,27245107,2022-12-05 15:23:41,1674792,370.77
27135424,25067459,2022-09-29 20:47:39,1592368,-185.24
27263454,25778432,2022-10-10 13:51:00,1601561,404.59
27313110,25786377,2022-10-10 20:35:56,1603305,-96.63
27333594,25337188,2022-09-28 14:02:02,1592429,402.3
27394661,26674485,2022-11-10 19:00:50,1642340,5.68
27416583,23163572,2022-09-14 20:13:31,1591322,538.28
27427688,26247927,2022-10-31 02:04:54,1631918,326.02
27465251,26130483,2022-10-24 16:04:23,1624740,362.03
27488078,25393655,2022-09-26 22:48:39,1590373,675.39
27503635,25357477,2022-10-04 12:34:12,1592319,563.01
27504555,25382642,2022-09-26 15:51:17,1592362,-95.03
27536001,25309442,2022-10-01 20:44:51,1592093,896.22
27604422,27734482,2022-12-27 23:43:14,1688253,567.63
27605722,25555797,2022-10-03 17:14:46,1591315,818.33
27647404,25578744,2022-10-12 02:55:03,1609073,-122.5
27653035,25199080,2022-09-30 06:24:07,1592552,263.66
27678919,25334425,2022-09-24 22:13:53,1592038,519.41
27702432,26516928,2022-11-10 16:58:06,1642695,356.28
27708686,25061558,2022-09-22 17:45:43,1590314,-313.42
27713149,25143776,2022-09-17 19:08:20,1589623,379.16
27718676,25460526,2022-09-29 20:02:56,1592620,784.74
27815989,25521094,2022-10-01 04:33:30,1591197,-146.41
27846554,25225289,2022-10-01 14:51:14,1592348,804.03
27895517,25038039,2022-10-01 13:22:18,1591499,196.39
27988062,26587056,2022-11-11 14:33:29,1641859,6.21
27996406,25567839,2022-10-03 16:27:15,1592577,-171.47
28012950,25108839,2022-10-03 16:46:28,1591325,875.65
28012959,26226421,2022-10-25 14:58:01,1624699,511.16
28041772,27520986,2022-12-20 17:47:59,1686060,-57.71
28061310,25282393,2022-09-22 18:48:30,1592435,867.11
28069869,26369368,2022-10-30 16:06:04,1629701,503.76
28071691,25124397,2022-09-28 00:41:29,1590450,493.01
28075930,24380774,2022-09-20 20:14:45,1592345,-220.91
28077395,26588449,2022-11-07 21:18:31,1638758,1016.72
28080249,25460100,2022-09-29 02:11:12,1592710,387.71
28106542,26812340,2022-11-18 18:18:55,1652925,474.42
28155217,26391832,2022-10-31 14:25:47,1631965,-6.02
28161359,26720833,2022-11-12 15:52:57,1639901,6.55
28161775,25479729,2022-09-29 20:35:58,1592637,281.39
28167237,25052814,2022-09-30 19:59:07,1598755,-188.8
28205287,25209292,2022-10-04 22:41:45,1592327,446.01
28220864,26171304,2022-10-31 19:09:17,1624706,533.29
28223540,25531443,2022-10-01 17:22:01,1592375,-32.35
28238497,26177052,2022-10-24 20:32:25,1628112,-187.91
28249796,25536268,2022-10-02 16:35:10,1603269,1309.49
28257622,26547046,2022-11-09 20:22:41,1641950,145.85
28258206,25358170,2022-09-28 14:08:51,1592599,-142.25
28259909,25712941,2022-10-09 21:51:41,1603302,-97.22
28266438,27284729,2022-12-07 02:07:20,1673611,-89.31
28273939,25462545,2022-10-03 17:18:50,1598751,398.34
28285222,24705930,2022-09-12 22:33:03,1591323,222.1
28287279,26442419,2022-11-12 15:40:15,1642375,982.98
28293288,27322160,2022-12-13 18:51:41,1675882,871.28
28295528,25444340,2022-09-28 15:33:23,1592040,839.41
28301479,25444883,2022-10-01 15:50:39,1592291,-274.93
28307505,27704540,2022-12-26 22:18:04,1688702,1663.19
28310406,24702977,2022-09-19 13:48:16,1589979,765.77
28310799,26019758,2022-10-18 13:08:42,1618227,581.66
28311830,25710811,2022-10-18 17:08:43,1611449,532.78
28343310,26685478,2022-11-11 01:55:58,1641933,216.6
28364768,25528393,2022-10-01 16:06:00,1591849,218.17
28399841,25454387,2022-10-04 00:02:25,1592364,-110.22
28421990,25005293,2022-09-28 21:58:48,1592408,572.38
28443737,25378508,2022-09-26 12:33:53,1592616,113.1
28507286,25429124,2022-11-05 12:10:16,1632023,656.22
28519093,25105652,2022-09-30 07:14:36,1592553,119.76
28523802,26334648,2022-10-29 01:10:19,1632000,580.99
28529836,25302944,2022-09-23 13:06:23,1603268,502.55
28535175,25035997,2022-09-14 15:50:33,1592369,1438.82
28548788,25529531,2022-10-01 16:22:52,1592395,-33.97
28559546,25305957,2022-09-26 22:19:52,1592613,1067.29
28563986,24486868,2022-09-15 19:31:52,1592059,301.13
28573521,25424506,2022-09-30 22:19:02,1592664,556.96
28578737,26063493,2022-10-19 21:32:22,1616999,-699.82
28613756,24609598,2022-10-02 21:47:07,1592703,64.77
28622304,25501128,2022-10-04 15:47:23,1592042,715.69
28625504,25290706,2022-09-29 22:25:04,1592110,-183.29
28631070,25488176,2022-10-01 00:45:49,1598756,106.17
28632363,25239844,2022-09-29 22:23:15,1592624,-205.1
28657887,25447211,2022-09-29 12:48:22,1592090,1996.73
28672973,26129619,2022-10-21 21:11:56,1618172,-64.64
28678928,25451365,2022-09-28 22:56:53,1592513,1057.94
28679175,26210775,2022-10-29 17:50:13,1624722,74.89
28693049,25522933,2022-10-01 06:26:15,1591199,408.34
28700411,25412971,2022-09-28 10:24:40,1591996,605.02
28706743,24649988,2022-09-28 20:46:27,1592647,74.8
28706790,25505857,2022-10-03 12:48:23,1592455,243.11
28707085,25283716,2022-09-29 15:08:01,1592543,647.22
28763828,25382137,2022-09-29 18:05:12,1592443,1094.15
28773249,25337433,2022-09-24 19:55:09,1603239,107.87
28779710,27567272,2022-12-20 01:25:58,1682603,1159.07
28785507,25335635,2022-09-30 15:59:08,1592589,-78.58
28787792,27342695,2022-12-11 16:05:40,1675817,291.96
28792040,25002740,2022-10-01 01:08:20,1592465,783.5
28801990,24957378,2022-09-27 20:53:52,1591318,458.77
28805171,25746583,2022-10-23 22:59:39,1624737,1139.39
28806354,25287434,2022-09-27 17:59:01,1589521,740.98
28807847,25442684,2022-09-28 14:13:37,1591005,-82.01
28815838,25322877,2022-10-01 23:52:17,1591853,1125.37
28828402,25484314,2022-09-29 22:15:10,1592622,514.43
28831517,26721823,2022-11-18 16:17:42,1652918,454.09
28848655,25263602,2022-10-05 16:11:51,1592331,748.29
28849389,26678022,2022-11-12 22:06:00,1642382,-305.41
28850559,25369733,2022-09-27 00:13:08,1592551,-75.34
28902899,24954043,2022-09-27 20:38:04,1592564,-437.19
28924874,25455887,2022-09-28 22:47:50,1592512,-364.02
28935369,25980855,2022-10-17 00:10:32,1622869,13.57
28935708,25418065,2022-09-27 21:44:57,1589974,689.6
28941282,24945851,2022-10-05 16:34:49,1592334,638.95
28944086,25311467,2022-09-26 22:18:22,1592612,752.18
28944820,24932042,2022-09-29 16:07:48,1592631,633.63
28947732,25473977,2022-09-29 16:11:38,1592632,263.95
28951786,25030285,2022-09-20 21:57:54,1592484,2082.48
28957165,24955408,2022-09-30 15:46:08,1592557,-10.12
28960492,25470194,2022-09-29 13:35:13,1592537,387.0
28962929,27102190,2022-12-05 15:35:36,1674793,588.98
28969953,25024539,2022-09-19 13:22:36,1592602,66.93
28970154,25421194,2022-09-29 19:28:42,1592072,1307.21
28974462,25657993,2022-10-08 02:28:27,1603249,840.32
28979705,25340194,2022-09-30 22:22:06,1592463,1009.5
28982983,25394448,2022-10-11 21:04:54,1603260,96.47
28985288,25421627,2022-09-30 02:17:48,1590937,14.68
28992748,25410699,2022-10-17 19:33:42,1608233,106.37
28992778,25472417,2022-09-29 15:33:39,1591816,608.22
28995936,25401265,2022-09-27 02:57:17,1591302,-692.64
29003577,25481216,2022-10-05 16:58:39,1592336,745.87
29010521,25580548,2022-10-11 18:06:50,1609115,-73.12
29011998,25051394,2022-09-14 13:30:56,1591811,57.21
29012892,25017930,2022-09-13 16:49:05,1592002,1009.64
29018138,25198596,2022-09-28 14:01:23,1591168,-38.06
29018168,25058486,2022-10-04 23:16:42,1592329,51.14
29021197,25450354,2022-09-28 20:07:58,1592488,997.09
29024892,25732286,2022-10-08 18:10:09,1603244,84.33
29025175,25113888,2022-10-25 13:33:18,1618290,187.83
29027898,25046949,2022-09-15 01:21:23,1592420,580.81
29029555,25153639,2022-09-29 15:38:49,1592628,-87.16
29030226,25250036,2022-09-22 15:59:15,1589422,508.02
29032147,25055100,2022-09-23 22:45:54,1592725,-46.19
29045631,25883948,2022-10-13 15:51:39,1618220,410.88
29045904,25058805,2022-09-14 18:26:45,1592569,550.58
29047626,25281986,2022-09-22 18:14:39,1591876,511.01
29048486,25060725,2022-09-26 15:22:24,1589473,631.15
29052751,25065451,2022-09-14 22:25:36,1592676,453.4
29054865,25158682,2022-09-21 15:40:39,1592470,1016.09
29055254,25712358,2022-10-15 21:28:30,1608160,-149.13
29055718,26150393,2022-10-24 20:38:24,1625374,-345.21
29055806,25106353,2022-10-05 14:27:51,1592476,510.06
29057397,25099529,2022-09-27 19:02:32,1592062,-35.07
29057779,25391553,2022-09-26 21:53:01,1591273,362.84
29059117,25262131,2022-10-15 17:31:51,1622966,1379.71
29062219,25192043,2022-09-26 19:20:00,1592731,402.1
29067676,25528609,2022-10-01 15:37:56,1591340,-322.13
29070310,26667967,2022-12-10 18:35:00,1675806,-380.63
29071758,26401612,2022-11-02 21:43:07,1631990,-6.4
29076213,26268329,2022-11-02 23:43:59,1631942,-64.71
29081708,25357256,2022-09-29 02:55:16,1592086,888.25
29093035,25165430,2022-09-27 18:56:19,1592572,-2.17
29093230,25118283,2022-10-05 20:01:01,1592604,378.57
29095564,25579327,2022-10-04 18:11:37,1592504,-257.56
29095582,25130080,2022-09-28 18:16:21,1592424,-57.23
29099151,25128501,2022-09-28 20:44:41,1591841,-121.99
29100119,25391277,2022-09-27 19:17:13,1592433,649.55
29100222,26186664,2022-10-24 00:25:16,1631972,584.33
29101751,25583645,2022-10-03 17:37:03,1592728,-51.57
29103363,25208485,2022-10-27 17:57:50,1624714,-321.5
29105544,25447557,2022-10-04 18:06:41,1592502,985.86
29112324,25430363,2022-09-28 01:08:29,1590067,-45.48
29113765,25175846,2022-09-19 00:11:28,1592678,171.32
29115466,25254816,2022-09-30 12:43:58,1591888,765.1
29116272,25164004,2022-09-27 19:00:02,1592573,972.56
29118032,25147781,2022-10-06 18:53:19,1603253,-361.27
29118217,25521706,2022-10-01 04:40:47,1592673,1066.73
29118716,25307241,2022-09-24 18:45:03,1590539,753.68
29120382,25147668,2022-10-05 14:31:18,1592477,617.03
29123113,25420073,2022-10-01 20:33:59,1589546,335.63
29125144,25756784,2022-10-09 16:41:19,1601029,757.59
29126766,25153440,2022-10-03 17:44:36,1591316,52.96
29129264,25167388,2022-09-27 07:23:21,1592545,1054.56
29130925,25420471,2022-10-01 15:08:38,1592350,-487.55
29134337,25315031,2022-10-01 16:57:04,1592294,-53.03
29135485,25211366,2022-09-23 20:50:34,1591822,273.89
29135805,25545177,2022-10-02 02:14:02,1592688,476.53
29136610,25166956,2022-09-28 18:14:20,1592423,-89.32
29141054,25580364,2022-10-03 15:47:54,1591344,-75.88
29143295,25535460,2022-10-02 20:46:36,1592451,1433.03
29144633,25209680,2022-09-26 15:38:59,1592360,348.97
29147308,25257806,2022-10-03 16:33:53,1592578,-514.95
29149078,25432692,2022-09-30 10:30:10,1592526,1027.67
29153149,25472199,2022-09-29 15:04:57,1592542,899.5
29155262,25283789,2022-10-01 15:55:57,1591848,-288.3
29162038,26462628,2022-11-11 00:50:27,1641986,-22.02
29169479,25205329,2022-10-04 15:29:27,1592041,102.47
29171049,25607470,2022-10-04 13:59:19,1592495,389.87
29171585,25365609,2022-09-28 00:36:56,1591813,-15.14
29172890,25404139,2022-09-27 05:29:05,1591303,599.51
29174834,25224545,2022-09-21 17:48:04,1592459,855.06
29175258,25555105,2022-10-04 16:04:06,1592497,1591.27
29180298,25216987,2022-09-22 16:37:58,1592535,276.89
29180421,26368913,2022-11-08 18:29:51,1641923,193.82
29184735,25393851,2022-09-27 00:04:43,1592614,742.04
29185264,25220355,2022-09-24 15:46:34,1592677,633.12
29186963,25902017,2022-10-24 14:11:41,1618251,-93.95
29189184,25306277,2022-10-01 16:03:08,1591341,1646.94
29189276,26105993,2022-10-21 00:15:43,1624712,-48.97
29193756,25244564,2022-09-26 13:04:27,1592481,-0.29
29195354,25543312,2022-10-16 13:40:13,1617684,-519.0
29195623,27276716,2022-12-09 21:52:00,1686019,392.97
29196367,25232205,2022-09-28 19:15:39,1592426,-231.46
29198350,25473514,2022-09-29 17:47:17,1592300,925.87
29202950,25262030,2022-09-22 00:15:02,1592383,397.73
29203113,25243797,2022-09-27 21:28:29,1592708,635.39
29203419,25258145,2022-09-29 17:48:20,1592302,-202.83
29204174,25245977,2022-09-27 17:54:25,1592571,142.03
29209562,25482831,2022-09-30 21:39:22,1592658,35.15
29209642,25490288,2022-10-12 00:27:03,1616316,629.29
29211806,25263325,2022-09-29 20:20:10,1592507,477.9
29212157,25526678,2022-10-01 14:07:11,1592286,-62.78
29213075,25518856,2022-10-01 02:10:23,1592670,59.55
29213566,25337452,2022-10-15 15:49:14,1607834,-327.39
29214625,25261594,2022-09-21 23:59:54,1591800,-73.7
29215804,27531391,2022-12-17 20:06:33,1681824,-23.82
29220080,25399115,2022-09-29 22:14:34,1591884,-83.97
29220163,25263986,2022-10-03 20:05:34,1591328,15.52
29221387,25266040,2022-09-22 04:57:59,1590388,324.46
29223293,25287508,2022-09-29 13:59:46,1592313,-344.98
29223701,25283194,2022-10-03 17:44:07,1592729,126.38
29226869,25638138,2022-10-11 21:11:45,1603261,291.44
29227592,25274245,2022-09-27 22:52:17,1592706,239.71
29228446,25342522,2022-10-06 00:46:15,1592344,-341.52
29229220,25276895,2022-09-22 16:03:10,1592598,717.8
29233437,25340715,2022-09-28 14:43:41,1592053,-288.24
29233707,25312972,2022-10-08 19:28:17,1618175,564.28
29236143,25285300,2022-09-29 05:55:14,1591842,790.92
29237536,25288277,2022-09-27 20:51:28,1591807,-405.55
29237621,25290976,2022-09-27 21:11:13,1592298,1284.45
29238015,26520354,2022-11-18 00:50:23,1652900,-131.41
29238263,25290693,2022-10-03 16:51:40,1592580,810.82
29241994,25293015,2022-09-28 20:53:32,1592034,983.58
29242268,25410322,2022-09-28 20:55:28,1592407,1126.04
29246061,26248287,2022-10-28 15:29:54,1631950,479.7
29252035,25331162,2022-09-30 15:57:00,1592655,-546.87
29258129,25410507,2022-10-17 21:07:21,1624878,1055.23
29259887,25373845,2022-09-29 00:17:28,1592436,377.34
29260937,25463659,2022-09-30 20:56:55,1603309,664.27
29264997,25319633,2022-09-29 07:21:47,1592437,860.63
29266023,25423895,2022-10-04 17:14:24,1591837,1006.51
29266707,25322912,2022-09-25 15:32:38,1590694,326.15
29271154,25349064,2022-09-30 21:43:07,1592660,-629.06
29272642,25381631,2022-09-28 18:31:46,1591999,-311.81
29275470,25333702,2022-09-26 18:47:55,1591364,1525.35
29276511,25340674,2022-09-24 21:28:18,1592617,636.98
29279121,25338710,2022-10-01 20:05:31,1592400,130.0
29279978,25341543,2022-09-29 13:28:10,1592439,889.53
29280011,25349468,2022-09-28 23:19:15,1592713,625.86
29280449,25356016,2022-09-30 23:58:27,1592668,123.75
29281993,25350429,2022-09-25 21:58:01,1589529,10.39
29282766,25862876,2022-10-12 21:51:04,1608226,749.78
29284729,25344861,2022-09-25 00:40:19,1591114,717.31
29285225,25684610,2022-10-07 14:50:30,1603290,549.83
29286412,25346915,2022-09-29 17:02:29,1592650,451.34
29287340,25350022,2022-09-29 20:58:57,1592309,-169.77
29289267,25389800,2022-09-30 01:02:55,1592461,962.3
29292280,25759693,2022-10-09 19:03:01,1600557,791.34
29293858,25397381,2022-09-28 13:08:41,1589582,636.96
29294324,25356329,2022-10-03 15:33:47,1592574,-197.63
29295520,25472352,2022-09-29 15:35:24,1592627,915.04
29295724,25372065,2022-09-26 04:14:57,1591998,930.18
29297234,25474181,2022-09-29 17:02:29,1592651,494.28
29297262,25359946,2022-09-25 18:38:42,1591301,919.59
29298200,27459188,2022-12-22 23:42:11,1686741,110.73
29298282,25362558,2022-09-25 20:58:40,1592565,194.81
29299067,25577629,2022-10-03 13:05:50,1592456,380.54
29299292,25371205,2022-09-29 15:39:24,1592629,1352.65
29301806,26151440,2022-10-23 23:52:20,1622998,133.15
29302150,25540165,2022-10-07 15:31:37,1624695,439.48
29302317,25365735,2022-09-29 22:18:01,1591885,-143.15
29305812,25692481,2022-10-31 11:38:27,1631920,41.79
29307878,25475221,2022-10-01 16:45:39,1592292,673.38
29308219,25503035,2022-09-30 19:16:17,1592722,834.2
29314293,25483953,2022-10-05 19:46:04,1603293,724.13
29315956,25435951,2022-09-28 04:33:29,1592532,1208.05
29317171,25394886,2022-09-29 15:44:07,1592314,698.22
29319060,25395695,2022-09-29 15:22:41,1592626,830.27
29319563,25567139,2022-10-03 13:21:50,1592547,-5.51
29320512,25479402,2022-09-29 20:17:11,1592074,193.84
29322010,25387973,2022-09-26 20:04:22,1592027,-252.06
29323378,26214413,2022-10-31 19:24:32,1624707,-56.51
29323485,25430816,2022-09-28 01:44:21,1591321,2062.53
29323494,25419270,2022-09-27 20:55:11,1592707,963.59
29325614,25393466,2022-09-28 13:55:53,1592639,135.33
29326235,26021468,2022-10-20 15:18:35,1617054,894.84
29327172,25397588,2022-10-04 21:24:59,1592472,-278.71
29328083,26306694,2022-10-30 22:30:18,1631946,-77.82
29328263,25401796,2022-09-27 19:47:48,1592346,370.66
29328981,25402299,2022-09-29 16:21:59,1603298,324.84
29329181,25561426,2022-10-02 20:40:12,1592099,936.69
29329584,26322194,2022-10-29 00:31:04,1624687,-437.23
29332954,25450677,2022-09-28 20:08:50,1592033,762.61
29337200,25410144,2022-09-30 19:03:36,1592719,849.1
29339802,25428790,2022-09-28 00:26:25,1592487,1244.54
29339995,25463148,2022-09-29 16:35:02,1592633,743.49
29341652,25505548,2022-09-30 18:23:40,1592716,135.73
29343637,25416695,2022-10-03 15:29:05,1591881,1617.03
29347934,25518098,2022-10-24 18:14:33,1624734,313.16
29349543,25489886,2022-09-30 01:24:59,1592601,-193.97
29352493,25427391,2022-09-28 18:48:20,1592425,1027.17
29352631,25432881,2022-10-03 17:59:33,1592489,124.46
29352962,25430056,2022-09-28 23:14:49,1592712,296.82
29356439,25501135,2022-09-30 16:30:16,1592347,638.51
29358552,25479381,2022-10-01 19:55:39,1592399,350.2
29358701,26985568,2022-12-09 22:38:37,1675378,1487.74
29358981,25457256,2022-10-03 16:17:52,1592576,-657.25
29366492,25446227,2022-10-04 14:12:10,1591827,854.22
29367454,25700163,2022-10-12 18:56:49,1608422,28.43
29369755,25478814,2022-09-29 19:09:24,1592070,2.42
29371182,25462488,2022-09-29 02:52:24,1589481,653.11
29371307,25504256,2022-10-12 20:27:01,1603273,-119.12
29371699,25464025,2022-09-29 03:41:25,1592087,-403.08
29372276,25857702,2022-10-13 02:14:04,1609335,8.75
29373170,25456637,2022-09-28 23:46:09,1592714,401.14
29373239,25551892,2022-10-03 14:05:39,1592548,322.91
29374316,25458399,2022-10-04 16:16:33,1592500,1527.02
29376252,25459780,2022-09-29 15:28:40,1591683,784.75
29376361,25488062,2022-09-30 01:24:59,1592075,516.53
29377022,25460913,2022-10-03 12:11:43,1592416,-239.85
29377572,25505692,2022-10-11 21:45:59,1603262,-159.84
29377607,25461665,2022-10-05 22:46:16,1592338,886.66
29379763,25501126,2022-09-30 21:37:16,1592657,746.34
29380935,25994449,2022-10-21 18:11:54,1617004,2.79
29381268,25723061,2022-10-08 18:40:15,1603246,-97.1
29384057,25919382,2022-10-14 19:42:58,1616616,25.0
29384827,25505426,2022-09-30 18:26:02,1592717,319.4
29384939,25479319,2022-09-29 19:57:56,1592506,-300.16
29388758,25509108,2022-10-01 16:32:11,1592724,375.94
29390123,25478739,2022-09-29 19:10:33,1592071,322.62
29390221,25484876,2022-10-01 13:28:16,1592394,224.98
29391415,25479722,2022-10-03 15:07:01,1592486,72.12
29391890,25590112,2022-10-10 01:43:01,1598705,6.94
29392535,25487325,2022-09-30 00:15:27,1592392,1158.32
29393099,26312395,2022-11-04 21:37:51,1631995,-103.28
29394091,25582032,2022-10-03 17:18:21,1592583,292.43
29395628,25703438,2022-10-07 15:36:15,1598726,344.74
29396198,25582179,2022-10-03 17:02:46,1592581,651.22
29396300,25486223,2022-09-30 00:09:04,1592390,314.44
29396516,25487414,2022-09-30 03:23:09,1592531,222.95
29397668,26107233,2022-10-21 12:13:43,1617234,185.05
29397967,25490619,2022-09-30 02:09:54,1592510,575.14
29398288,25504712,2022-09-30 18:27:19,1592718,595.73
29401512,25502129,2022-10-03 12:22:38,1592417,395.32
29401874,25501774,2022-09-30 15:19:02,1592588,75.2
29406081,25499017,2022-09-30 13:07:34,1592529,204.53
29407780,25500829,2022-10-18 18:31:49,1616917,893.88
29411261,25504890,2022-09-30 19:11:49,1592721,114.45
29415446,25566113,2022-10-02 23:56:16,1598758,47.81
29420006,25564602,2022-10-03 16:50:20,1592579,1133.69
29420981,25517449,2022-10-01 01:34:42,1592060,-441.39
29421171,25680370,2022-10-06 21:42:17,1603237,1182.76
29422446,25558638,2022-10-06 02:02:24,1598753,120.15
29426609,25528401,2022-10-01 20:13:00,1592402,186.71
29427535,25523710,2022-10-01 08:35:02,1592393,-242.6
29428537,25530441,2022-10-05 23:26:32,1592339,-68.64
29429710,25543731,2022-10-02 21:38:20,1592701,112.29
29430823,25536650,2022-10-02 12:27:08,1592691,522.84
29431274,26330459,2022-10-29 00:15:28,1624685,127.08
29433977,25533365,2022-10-01 18:52:40,1592397,-147.53
29434825,25538650,2022-10-01 21:53:55,1592413,1118.07
29435281,25533712,2022-10-01 18:54:09,1592398,-127.19
29436445,25537494,2022-10-01 21:24:49,1592412,811.17
29437661,25529261,2022-10-04 01:33:26,1592022,-440.83
29437716,25536255,2022-10-02 00:18:21,1592683,-104.89
29438198,25541567,2022-10-02 19:21:10,1592587,1063.96
29438229,25541183,2022-10-01 23:32:40,1592682,402.43
29438816,25540190,2022-10-06 00:20:12,1592342,-15.64
29439426,25598001,2022-10-04 02:09:52,1592024,419.4
29439583,25545064,2022-10-02 02:24:21,1592690,-73.39
29441077,25542798,2022-10-02 00:37:19,1592371,-67.94
29441379,25548042,2022-10-02 21:29:22,1592699,-87.26
29441692,25554635,2022-10-02 16:59:49,1592695,-287.23
29445921,26028132,2022-10-23 19:06:20,1617578,-42.56
29447770,25585719,2022-10-03 18:58:25,1592017,89.02
29449836,25594030,2022-10-04 22:45:34,1592328,727.87
29450420,25553695,2022-10-05 13:12:10,1592005,429.13
29450793,25580152,2022-10-10 22:18:10,1601618,23.6
29451898,25554979,2022-10-03 18:06:28,1592490,-81.55
29453563,25557263,2022-10-02 17:55:07,1592355,-41.95
29453817,25558791,2022-10-02 18:40:49,1592698,942.78
29455717,25558896,2022-10-03 15:21:20,1591342,-65.89
29458175,25562110,2022-10-03 16:34:38,1591857,-152.56
29458436,25584928,2022-10-05 14:20:26,1592008,19.6
29459374,25563997,2022-10-05 21:22:09,1592609,92.05
29459861,25565254,2022-10-03 17:23:47,1591832,-45.55
29461249,25904469,2022-10-26 14:26:13,1624730,-18.1
29471807,25856430,2022-10-12 18:14:22,1608855,25.38
29475470,26507106,2022-11-11 15:59:43,1642362,-36.85
29482601,27468548,2022-12-14 22:54:13,1681750,426.46
29484165,25593923,2022-10-04 00:30:35,1592366,234.86
29497244,25612519,2022-10-04 17:11:51,1592323,333.08
29502869,25615476,2022-10-04 19:55:44,1592326,1195.05
29528216,26592656,2022-11-17 17:18:51,1652871,371.22
29528526,25658058,2022-10-06 13:33:26,1603285,188.08
29530846,26483017,2022-11-10 23:28:40,1642014,-41.78
29533285,25848503,2022-10-12 13:00:13,1608183,1874.48
29534325,25757795,2022-10-09 22:07:03,1600689,-139.67
29535222,25701397,2022-10-08 17:41:12,1600550,1105.06
29538184,25683487,2022-10-06 21:47:33,1608902,620.04
29540535,26106556,2022-10-23 14:33:47,1617323,445.65
29540781,25784978,2022-10-12 20:11:54,1603272,682.53
29541103,26069779,2022-10-27 19:48:02,1623137,516.18
29552111,27440007,2022-12-13 18:12:53,1679731,-147.44
29553033,25689314,2022-10-09 01:03:15,1603255,1137.55
29553744,25679112,2022-10-09 20:38:48,1601486,444.81
29562028,27597907,2022-12-22 20:53:52,1687580,527.11
29568244,25701228,2022-10-08 15:37:19,1603296,9.11
29570551,26145983,2022-10-26 13:41:50,1628149,-231.11
29575722,27300281,2022-12-09 20:54:40,1674984,-24.49
29582224,25859106,2022-10-12 19:40:37,1608510,601.25
29588119,25922595,2022-10-14 20:32:29,1617264,-210.97
29588289,27657701,2022-12-23 21:07:46,1685780,292.21
29589044,25727014,2022-10-08 13:02:27,1607906,1648.15
29594137,26396320,2022-11-01 13:59:20,1631973,240.54
29595745,25968158,2022-10-29 15:00:59,1622890,30.37
29599491,27320905,2022-12-08 14:39:03,1674891,1596.54
29600714,25746948,2022-10-09 03:35:38,1603256,1007.45
29602338,26072553,2022-10-21 15:29:30,1617169,18.61
29604878,25746831,2022-10-12 23:57:46,1603278,-26.7
29606741,26399085,2022-10-31 19:59:31,1631939,1215.54
29607532,26009167,2022-10-29 16:22:59,1624719,-536.2
29627920,25792273,2022-10-10 23:13:19,1601527,-362.4
29631707,25776138,2022-10-10 10:02:38,1601006,1368.75
29635532,25779147,2022-10-10 14:53:54,1600986,820.59
29642281,25789386,2022-10-10 21:40:39,1601068,197.67
29643539,25807782,2022-10-12 19:58:41,1607676,844.24
29643972,25887918,2022-10-15 13:43:53,1612202,-39.0
29644116,26320738,2022-10-28 15:42:57,1633168,-551.97
29647416,25794037,2022-10-12 01:18:34,1608239,152.96
29657870,26682976,2022-11-18 15:11:35,1652915,299.99
29660483,25862839,2022-10-12 22:15:48,1603275,318.96
29665184,25819927,2022-10-11 21:08:27,1609059,372.61
29669358,26135179,2022-10-25 01:25:08,1618285,-83.81
29671944,26280060,2022-11-07 14:05:03,1641901,-107.02
29672141,27486209,2022-12-15 16:27:51,1675916,-126.23
29673734,25828712,2022-10-12 07:35:49,1608524,-30.7
29676189,25831485,2022-10-24 21:53:37,1631975,566.41
29686058,25874341,2022-10-20 19:22:57,1618229,-352.67
29690944,25864635,2022-10-20 03:46:07,1616998,34.64
29702880,26156296,2022-10-29 17:19:34,1631933,478.56
29703589,25883724,2022-10-13 15:59:49,1603283,355.62
29709189,26267571,2022-10-27 15:21:24,1632004,-54.49
29712222,25890283,2022-10-13 22:03:08,1606839,539.16
29714868,25892185,2022-10-13 21:32:10,1608728,34.01
29721705,26379037,2022-11-02 19:12:41,1631980,357.65
29722308,25902565,2022-10-16 01:06:06,1623244,-96.72
29728830,25911864,2022-10-23 22:52:46,1616744,1212.32
29729383,25910321,2022-10-21 18:52:23,1622943,782.22
29734248,25916404,2022-10-20 18:50:47,1618228,-329.74
29736929,25992324,2022-10-19 15:36:43,1618263,-132.59
29738474,26276433,2022-10-27 17:08:25,1625193,797.45
29752350,26156233,2022-10-22 20:51:16,1617215,-237.46
29756321,25953304,2022-10-25 19:01:26,1618296,-56.87
29756518,25944425,2022-10-21 17:21:21,1624697,314.51
29763517,25946960,2022-10-19 19:35:13,1617238,-39.34
29773358,26271520,2022-10-26 22:03:56,1632006,109.01
29777942,25999825,2022-10-22 16:23:44,1623915,706.15
29780623,25975299,2022-10-16 20:04:30,1618216,7.08
29780748,25983785,2022-10-18 22:58:16,1618234,32.03
29781443,25978487,2022-10-16 22:16:51,1617509,48.38
29783771,25979952,2022-10-22 19:38:20,1616725,682.06
29793780,26055175,2022-10-29 18:35:35,1632018,77.91
29794513,26056271,2022-10-25 01:55:37,1618286,134.39
29795470,25994996,2022-10-17 15:06:26,1616951,272.34
29795616,26624892,2022-11-09 01:01:55,1640312,1102.58
29806162,26262456,2022-10-26 15:52:20,1624732,-73.41
29816180,26160722,2022-10-22 23:47:12,1624696,1017.16
29823625,26026788,2022-10-24 15:37:11,1618252,-118.96
29830077,26036752,2022-10-18 22:54:04,1618233,10.32
29832317,26040920,2022-10-30 20:13:08,1624727,234.74
29832788,26062624,2022-11-02 21:57:26,1631941,-516.25
29833970,26069493,2022-10-20 22:23:00,1623357,682.27
29835120,26305272,2022-11-05 13:29:22,1632024,-102.68
29838925,26272269,2022-10-29 14:53:57,1624704,1607.26
29842821,26476980,2022-11-03 17:23:00,1628588,-3.28
29843548,26058023,2022-10-24 19:25:22,1624729,704.7
29847090,27598028,2022-12-21 01:20:18,1687234,1267.15
29850887,26580254,2022-11-07 14:32:58,1632817,-11.38
29854405,26071368,2022-10-24 02:47:36,1631925,168.74
29863480,26629434,2022-11-09 03:40:28,1641876,329.51
29868766,26323664,2022-10-28 18:22:10,1632027,1133.15
29873206,26269350,2022-10-26 20:18:37,1628872,429.15
29875492,26113230,2022-10-21 22:52:42,1616735,-122.94
29877544,27396473,2022-12-11 22:19:04,1675831,586.36
29877669,26103659,2022-10-20 22:58:51,1622871,-153.89
29879040,26120475,2022-10-27 14:26:30,1628222,111.92
29880501,26107215,2022-10-21 19:18:24,1631935,-403.98
29880852,26331327,2022-10-30 21:09:38,1632003,943.33
29889004,26194627,2022-10-24 08:17:52,1618250,189.81
29891858,26120686,2022-10-21 15:23:15,1632015,652.19
29893934,26315542,2022-10-28 06:41:29,1641848,-19.65
29898688,26127483,2022-10-26 19:17:33,1628538,944.59
29898887,26131206,2022-10-29 17:13:56,1631932,469.5
29900109,26911632,2022-11-27 16:59:56,1675717,-144.89
29917508,27307382,2022-12-11 14:51:10,1675815,295.44
29917940,26154496,2022-10-25 05:38:42,1624238,534.28
29918583,26184450,2022-10-31 20:30:19,1631940,29.58
29920397,26266687,2022-10-26 21:46:30,1631938,-713.33
29924266,26222332,2022-10-25 07:53:14,1623170,904.25
29924356,26159713,2022-10-22 22:59:20,1631949,372.92
29924735,26345715,2022-10-29 15:20:01,1624718,-103.61
29926087,26170961,2022-10-23 17:23:11,1618244,1616.53
29927865,26165850,2022-10-23 03:21:08,1618239,90.43
29938526,26320288,2022-10-28 15:39:32,1628609,-397.56
29942998,26345926,2022-10-29 21:25:48,1624724,396.98
29955788,26263475,2022-10-27 12:27:45,1627945,1174.63
29955892,26204098,2022-10-26 14:26:42,1624731,-135.49
29959216,26203635,2022-10-24 18:52:08,1624683,-78.9
29960589,26451774,2022-11-02 19:10:21,1631960,984.32
29965450,26210839,2022-10-26 20:21:17,1628616,297.52
29968546,26399489,2022-11-04 22:25:34,1639894,811.0
29972469,26220478,2022-10-25 04:57:26,1624237,423.42
29981793,26322021,2022-10-29 12:51:44,1631947,1072.6
29982424,26478612,2022-11-04 13:50:44,1643046,490.39
29984942,26245962,2022-10-27 23:03:23,1624717,658.05
29985367,26235925,2022-10-26 12:13:28,1622972,-333.63
29990891,26274711,2022-10-26 23:05:51,1628812,421.42
29991099,26245649,2022-10-27 13:23:48,1625366,-227.64
29995025,26790010,2022-11-17 18:33:09,1652877,-201.51
29998368,26315617,2022-10-29 01:41:08,1641009,-8.6
29998969,26380347,2022-10-31 17:26:04,1632016,1075.12
30000575,26258159,2022-11-03 12:57:07,1639716,1059.55
30004217,26274349,2022-10-28 18:24:46,1630579,922.39
30010045,26296597,2022-11-03 03:34:13,1631943,598.45
30012518,26275243,2022-10-27 17:08:14,1622851,903.73
30013117,26288685,2022-10-27 15:28:53,1632005,347.67
30016661,26422836,2022-11-01 19:07:00,1631977,148.64
30020305,26285689,2022-10-27 14:06:20,1628842,178.8
30023102,26373933,2022-10-30 18:41:30,1639811,56.11
30023695,26307917,2022-10-28 18:48:28,1631961,1076.99
30024964,26374045,2022-10-30 19:07:56,1624693,1002.56
30028325,26853641,2022-11-17 20:09:44,1652888,-241.73
30029880,26861992,2022-11-17 21:54:49,1652895,174.28
30032113,26349568,2022-10-29 17:55:22,1631934,61.12
30032878,26324427,2022-10-28 19:27:25,1631921,121.96
30037487,26834334,2022-11-17 19:38:43,1652887,1354.39
30045298,27512781,2022-12-20 14:32:27,1684276,212.39
30047028,26378685,2022-11-03 16:28:36,1632032,382.46
30049846,26342296,2022-10-29 10:45:46,1627573,-98.57
30051577,26327148,2022-10-28 19:54:39,1631922,-275.06
30053318,26331296,2022-10-29 01:40:12,1632001,1098.71
30059684,26335817,2022-10-29 23:01:29,1624725,-27.12
30066464,26623821,2022-11-10 17:43:30,1641912,-362.29
30066905,26381723,2022-10-31 00:41:45,1631936,790.64
30069963,26356418,2022-11-03 16:30:10,1632033,305.87
30071638,26374643,2022-10-30 19:32:22,1632014,8.38
30073181,26355850,2022-10-29 22:24:50,1631954,509.98
30082340,27185116,2022-12-16 09:15:41,1687212,-7.48
30089032,26374518,2022-11-03 14:37:41,1632030,874.06
30091202,26426549,2022-11-02 15:58:12,1631984,152.58
30095202,26456245,2022-11-10 21:10:06,1642343,-157.56
30097157,26383655,2022-10-31 02:10:33,1628470,800.83
30098984,26995261,2022-11-23 17:19:24,1675247,940.9
30104922,26393890,2022-11-01 14:19:43,1631927,346.74
30105126,26399544,2022-10-31 21:20:58,1631957,416.99
30110419,27599892,2022-12-21 16:04:17,1683464,1604.8
30112687,26402752,2022-10-31 23:23:07,1631958,80.0
30114313,26457032,2022-11-02 21:31:32,1643893,128.82
30120785,26454692,2022-11-02 19:47:29,1631981,561.07
30125064,27271406,2022-12-06 16:50:07,1675737,-131.64
30133860,26537458,2022-11-11 16:07:31,1642363,409.65
30135703,26683088,2022-11-11 00:52:49,1641987,548.76
30139739,26814467,2022-11-17 18:56:18,1652882,-64.7
30143957,26445450,2022-11-02 16:02:06,1631985,371.03
30148477,26453966,2022-11-03 22:14:48,1640482,-627.86
30153986,26480440,2022-11-03 17:30:29,1642032,593.06
30157874,26464743,2022-11-03 02:25:09,1641928,-133.81
30158859,26463510,2022-11-10 15:48:47,1640985,-147.42
30161037,26468577,2022-11-03 21:24:01,1642005,285.87
30164966,26477200,2022-11-13 17:09:47,1675713,-438.82
30172114,26480442,2022-11-03 18:29:16,1631930,199.96
30178319,26605480,2022-11-18 21:49:15,1652935,44.96
30184143,26535535,2022-11-07 19:50:32,1637949,-186.31
30185488,26639508,2022-11-09 17:46:02,1641930,1.43
30194734,27304253,2022-12-08 02:32:01,1675317,904.4
30196314,26578485,2022-11-08 22:39:16,1642389,-237.19
30197622,26572791,2022-11-07 05:07:04,1639128,415.78
30206433,26591840,2022-11-09 23:15:19,1645458,-119.4
30207961,26534259,2022-11-07 20:45:12,1642357,6.18
30211963,26860352,2022-11-18 20:05:39,1652930,623.89
30215435,26644640,2022-11-11 01:13:57,1642352,1000.08
30229496,26560657,2022-11-11 17:26:24,1642365,337.87
30233753,26596024,2022-11-08 02:09:12,1637850,1296.64
30234012,27633467,2022-12-26 17:37:22,1688204,-11.4
30244308,26579543,2022-11-07 14:17:13,1638938,396.68
30254008,26835381,2022-11-17 16:48:42,1652868,82.18
30257327,26817911,2022-11-18 01:04:57,1652901,1204.2
30261947,26614088,2022-11-08 18:46:52,1641998,1040.59
30267599,26834944,2022-11-17 20:17:35,1652889,564.42
30279759,26809540,2022-11-17 21:53:57,1652894,698.58
30287857,26645503,2022-11-10 14:58:07,1642039,512.93
30288255,26859346,2022-11-17 21:04:41,1652891,-265.94
30293439,26863567,2022-11-26 16:58:11,1674750,320.02
30294164,26650696,2022-11-10 18:05:03,1642338,254.08
30305742,26675294,2022-11-12 21:42:59,1642381,158.53
30306878,26682232,2022-11-11 00:44:11,1641932,577.85
30308671,26677438,2022-11-13 16:05:12,1642384,150.29
30312529,26697702,2022-11-17 18:27:48,1652876,-92.22
30318185,26687759,2022-11-12 01:57:35,1643903,-352.75
30320416,26688803,2022-11-11 05:18:41,1642361,-74.61
30321560,27357405,2022-12-09 21:10:28,1675789,178.27
30323476,26831999,2022-11-17 17:29:56,1652872,146.91
30323817,27484964,2022-12-15 15:34:15,1675906,-26.78
30325233,27055736,2022-12-05 21:12:29,1674803,1025.24
30328262,26823760,2022-11-17 18:09:19,1652875,136.2
30335668,27395196,2022-12-20 20:52:56,1681678,324.94
30347615,26877301,2022-11-18 16:48:48,1652920,-207.22
30364443,27038449,2022-12-06 16:53:48,1675738,-475.94
30377314,27373405,2022-12-10 20:31:58,1675417,262.0
30384165,27562485,2022-12-19 16:35:06,1683420,-19.36
30384484,26782131,2022-11-18 14:34:52,1652912,-2.21
30386532,26854040,2022-11-17 17:30:08,1652873,1208.49
30396623,27059746,2022-11-30 17:15:48,1674759,-38.54
30397632,26812082,2022-11-17 19:01:37,1652883,-347.06
30404292,26864506,2022-11-20 11:55:35,1652997,729.05
30407983,26815153,2022-11-17 18:38:23,1652878,53.26
30412442,26854534,2022-11-17 19:14:59,1652885,-214.22
30415374,26877903,2022-11-18 14:49:41,1652914,-193.6
30416312,27303544,2022-12-14 13:13:39,1680078,-13.17
30427849,26866336,2022-11-18 14:36:47,1652913,31.87
30434458,27365905,2022-12-14 01:57:16,1675894,3.87
30448319,26867461,2022-11-18 01:30:06,1652902,-111.8
30452296,26881834,2022-11-18 18:02:53,1652924,553.08
30452956,26873666,2022-11-18 06:37:00,1652907,-203.94
30456033,26878668,2022-11-18 15:28:24,1652916,609.26
30458128,26881402,2022-11-18 18:59:40,1652927,-463.64
30458250,26880260,2022-11-18 17:38:41,1652922,81.1
30469047,26897363,2022-12-12 20:46:31,1675857,305.6
30473930,27226949,2022-12-13 07:23:33,1675870,1757.73
30486185,27415803,2022-12-12 19:17:46,1675851,246.29
30510242,27587162,2022-12-23 15:27:24,1686761,-71.59
30511107,27530468,2022-12-23 18:31:50,1686774,-83.99
30514831,27125194,2022-12-05 09:45:46,1675730,-125.29
30517025,27037549,2022-12-13 01:44:15,1675867,-197.11
30517148,27299359,2022-12-12 16:51:32,1675846,-179.41
30533209,27331104,2022-12-11 17:51:37,1675823,264.21
30539078,27561777,2022-12-22 17:18:34,1686728,-96.95
30539422,27469186,2022-12-16 16:59:49,1681584,705.44
30539781,27217252,2022-12-17 15:45:12,1681817,319.9
30543491,26992523,2022-12-12 20:44:27,1675856,1310.14
30546691,27026507,2022-12-07 20:31:27,1674861,139.4
30573282,27698006,2022-12-26 15:18:01,1688197,-202.92
30577591,27235282,2022-12-06 23:14:31,1674831,1294.55
30578281,27044626,2022-12-27 21:11:22,1688753,192.58
30579088,27342725,2022-12-09 14:48:17,1674944,-166.63
30583997,27053150,2022-12-04 15:52:32,1681694,1523.8
30590169,27057874,2022-12-13 02:43:22,1675869,811.44
30594436,27218902,2022-12-04 14:56:18,1673271,19.72
30607282,27199610,2022-12-13 23:13:16,1675892,160.09
30620022,27342873,2022-12-09 05:08:32,1675778,-202.33
30622225,27302308,2022-12-07 22:23:10,1675761,499.36
30622386,27099489,2022-12-08 17:58:31,1675771,567.01
30628629,27235556,2022-12-04 22:46:32,1670399,229.91
30642338,27231626,2022-12-09 15:27:02,1675781,-34.74
30647911,27131250,2022-12-07 19:11:24,1675757,213.2
30651906,27193580,2022-12-06 22:29:48,1675749,-323.9
30664430,27644751,2022-12-23 02:32:14,1687591,139.4
30666471,27368234,2022-12-27 16:55:03,1688736,-92.83
30668420,27419005,2022-12-12 23:17:28,1675866,3.75
30671253,27248237,2022-12-08 01:11:19,1675764,-163.3
30676076,27167910,2022-12-07 17:11:03,1675298,78.22
30676707,27194352,2022-12-06 18:39:53,1675742,246.39
30677978,27248370,2022-12-10 18:56:28,1675808,-20.05
30678338,27188700,2022-12-06 20:11:50,1675745,747.68
30691384,27273062,2022-12-06 18:18:43,1675740,710.12
30695612,27196538,2022-12-02 23:04:50,1675255,-216.49
30695720,27296466,2022-12-07 17:50:54,1675756,-148.35
30720542,27228970,2022-12-13 22:36:34,1675891,-173.86
30723886,27246839,2022-12-05 14:52:16,1674790,-26.8
30727963,27295609,2022-12-10 18:11:07,1675803,212.18
30730181,27258162,2022-12-11 17:55:43,1675824,-315.25
30731533,27259676,2022-12-07 00:39:07,1675294,1211.74
30733423,27642884,2022-12-23 00:35:57,1686744,22.32
30737186,27248342,2022-12-05 17:00:08,1675267,-214.67
30737889,27351498,2022-12-12 18:08:53,1675849,-114.72
30745674,27259334,2022-12-06 02:09:07,1675282,592.2
30746550,27259108,2022-12-09 14:11:19,1674942,760.31
30748912,27499240,2022-12-18 17:03:52,1683402,-152.95
30754103,27278755,2022-12-10 18:12:08,1675804,5.41
30754780,27272715,2022-12-08 14:59:52,1675321,-14.22
30757201,27272900,2022-12-13 13:28:13,1675871,-140.05
30758879,27275562,2022-12-06 19:44:42,1675743,1011.07
30762315,27279751,2022-12-08 08:06:56,1674882,527.3
30762912,27282573,2022-12-09 17:00:24,1674953,11.29
30767078,27287207,2022-12-10 22:55:24,1675810,1474.14
30767090,27288687,2022-12-07 18:11:28,1675304,350.19
30767221,27288533,2022-12-09 03:33:03,1675349,1073.51
30767772,27300426,2022-12-07 20:21:49,1675759,873.32
30768272,27410285,2022-12-12 23:12:48,1675865,-137.08
30773957,27296321,2022-12-07 17:44:42,1675301,-6.96
30774035,27295095,2022-12-08 15:13:00,1675768,-312.52
30778398,27300381,2022-12-07 20:50:09,1674864,1267.65
30789000,27341659,2022-12-12 16:05:33,1679682,-167.25
30789933,27327028,2022-12-09 19:49:01,1675787,-56.91
30791022,27331594,2022-12-08 21:41:15,1674920,22.66
30792803,27322599,2022-12-08 20:12:44,1675774,279.64
30794923,27329217,2022-12-09 00:28:24,1679639,-10.81
30796331,27329624,2022-12-08 20:26:12,1675775,593.05
30797132,27549093,2022-12-29 21:13:02,1688298,979.38
30799022,27336575,2022-12-09 22:41:41,1675796,698.31
30808233,27613492,2022-12-22 20:25:26,1686107,-161.52
30809997,27552717,2022-12-23 00:22:09,1687589,147.77
30810119,27515673,2022-12-16 23:09:17,1681807,821.36
30812517,27372499,2022-12-13 20:49:58,1675888,921.62
30815474,27493921,2022-12-15 22:47:01,1679867,-29.71
30819044,27405420,2022-12-12 04:39:41,1675834,523.17
30827616,27556432,2022-12-19 03:11:37,1683411,62.06
30828939,27521929,2022-12-27 23:43:09,1688252,303.78
30833904,27387508,2022-12-11 05:41:26,1687207,512.99
30835006,27420008,2022-12-17 18:19:40,1678960,1042.8
30839251,27709243,2022-12-27 12:44:38,1688227,157.81
30844063,27403970,2022-12-16 16:33:19,1680908,-26.0
30847021,27546588,2022-12-26 21:15:06,1688699,-76.57
30847651,27415732,2022-12-12 19:20:43,1675852,-7.59
30851445,27411097,2022-12-16 18:12:05,1679908,6.75
30853090,27447865,2022-12-14 00:11:44,1675893,504.56
30854119,27414582,2022-12-12 18:41:01,1675850,309.14
30855098,27423699,2022-12-13 17:13:20,1675878,117.64
30855626,27416724,2022-12-13 21:24:55,1675889,-109.91
30856016,27417141,2022-12-14 18:27:42,1683352,2069.76
30858496,27419359,2022-12-14 15:52:09,1675900,-85.94
30858798,27460386,2022-12-14 15:26:45,1675899,937.27
30860405,27486222,2022-12-16 22:29:27,1684230,359.23
30861223,27424145,2022-12-13 02:15:58,1675868,-302.46
30863176,27449575,2022-12-16 20:20:49,1687214,664.96
30866146,27618507,2022-12-27 19:03:21,1688238,1966.83
30870720,27568731,2022-12-27 13:14:01,1688228,46.81
30870900,27437506,2022-12-15 15:11:03,1681549,345.52
30878619,27449173,2022-12-16 16:53:00,1679903,-225.69
30879527,27509853,2022-12-21 18:28:48,1683470,-144.94
30888199,27515046,2022-12-18 18:50:42,1687219,186.92
30888343,27465028,2022-12-14 18:50:01,1679794,-114.95
30892130,27468222,2022-12-16 15:03:30,1687213,-409.12
30909046,27493870,2022-12-16 22:13:14,1681594,1709.83
30909433,27492735,2022-12-15 21:21:33,1683365,1099.0
30924705,27517407,2022-12-19 21:10:05,1685017,-72.37
30927188,27518179,2022-12-18 17:54:50,1683405,10.25
30936847,27532083,2022-12-19 14:36:43,1683417,1113.24
30938470,27539829,2022-12-23 00:04:54,1687587,6.81
30942348,27595937,2022-12-20 23:12:28,1687230,-1.16
30942603,27670820,2022-12-24 15:21:56,1688170,-68.82
30943328,27557854,2022-12-20 18:11:42,1687228,439.37
30950132,27548147,2023-01-05 19:28:26,1693857,615.45
30951124,27559373,2022-12-19 07:01:44,1683413,29.13
30952443,27574376,2022-12-21 02:48:48,1683461,-251.64
30953440,27649500,2022-12-23 07:49:32,1687594,778.25
30953810,27551776,2022-12-19 23:55:27,1685018,-97.19
30958822,27716953,2022-12-27 21:18:00,1688755,177.96
30962143,27587084,2022-12-21 16:40:43,1683466,256.99
30967393,27566869,2022-12-21 14:19:45,1685211,493.4
30970617,27714567,2022-12-28 19:28:16,1689136,926.13
30973614,27576818,2022-12-22 16:45:02,1686725,-1.5
30973849,27576817,2022-12-20 03:31:17,1687226,637.28
30978248,27590077,2022-12-20 22:53:27,1683454,1184.72
30979425,27614993,2022-12-27 18:42:14,1688742,1012.8
30979518,27585346,2022-12-28 17:47:25,1688274,128.68
30979720,27638722,2022-12-29 21:55:08,1688300,2030.02
30986638,27608142,2022-12-26 01:36:41,1688657,813.42
30986764,27639876,2022-12-23 13:48:24,1687598,32.61
30992135,27603253,2022-12-21 05:37:19,1686071,-53.21
30999475,27625907,2022-12-22 06:07:10,1686097,-134.84
31003016,27619590,2022-12-23 15:28:21,1687603,951.7
31015969,27644040,2022-12-23 02:02:30,1686748,522.43
31018962,27668813,2022-12-24 11:47:52,1688166,222.72
31019868,27654699,2022-12-24 17:52:57,1688174,-246.94
31038080,27719777,2022-12-27 14:54:30,1688726,231.92
31040990,27676194,2022-12-26 16:20:45,1688201,-51.49
31048739,27685650,2022-12-25 19:53:41,1686167,336.7
31057460,27698735,2022-12-26 17:00:53,1688677,1029.85
31059917,27700772,2022-12-28 14:40:18,1688262,625.7
31067239,27710419,2022-12-29 12:45:21,1688292,774.86
31076602,27722509,2022-12-27 17:17:01,1688235,439.67
31081640,27725436,2022-12-27 18:43:24,1688743,1102.37
31083001,27732103,2022-12-27 22:55:46,1688765,-73.51
31092714,27745541,2022-12-28 11:07:42,1688260,2.2
29414802,25509425,2022-10-16 00:18:36,1623097,-472.33
29340540,25509781,2022-09-30 20:42:07,1592520,104.5
29416440,25510319,2022-10-01 22:13:47,1592414,191.47
27945580,25510485,2022-10-27 15:19:52,1624681,74.04
9375813,25510958,2022-09-30 21:49:04,1591309,-192.04
20174557,25511217,2022-10-02 13:50:03,1603291,-27.39
29410956,25511545,2022-09-30 21:35:38,1592656,639.96
4160575,25511893,2022-10-12 18:53:43,1608714,923.11
17940100,25512120,2022-10-03 20:26:40,1591329,974.05
14336682,25514094,2022-09-30 23:15:47,1592654,918.92
28374423,25515046,2022-09-30 23:46:41,1592667,-165.17
29301211,25492095,2022-09-30 02:52:17,1592311,265.1
29401169,25492202,2022-09-30 02:57:21,1592530,676.47
29389627,25494130,2022-09-30 05:04:26,1591338,-334.02
24692685,24758722,2022-09-28 01:04:50,1591320,895.21
11316216,24855163,2022-09-14 19:39:36,1592679,375.64
4096811,24881797,2022-09-21 13:27:09,1589453,-455.41
28905088,24887574,2022-10-05 16:26:56,1592333,239.36
28329454,24889144,2022-09-18 12:19:52,1592643,521.24
28907298,24909385,2022-09-09 21:48:55,1592003,-257.94
25724421,24910911,2022-09-20 04:07:42,1590823,-350.72
28762107,24916767,2022-09-14 17:07:07,1590313,398.64
25633001,24921847,2022-09-13 18:00:13,1592444,306.46
28591774,24520951,2022-09-11 21:53:24,1591860,144.37
15044785,24923545,2022-09-30 19:22:14,1592562,-153.59
1847057,24903399,2022-09-30 12:41:53,1592556,-271.83
28853205,24904476,2022-10-01 22:42:18,1592095,721.26
